Pgn.3,A.3,B.3,C.3
0.0125,0.16225,0.1485,0.154
0.1,0.58775,0.59575,0.68225
0.8,1.0345,0.94475,1.35375
